gender,merch,cat_id,one_city,us_state,jobs,transaction_time,amount,population_city,lat,lon,merchant_lat,merchant_lon,name_1,name_2,street,post_code
F,fraud_Kilback LLC,gas_transport,Birmingham,TX,Film/video editor,2020-06-01 23:30:00,1.0,10000,40.0,-73.0,40.1,-73.1,Demo,User,Demo Street,10000
F,fraud_Kilback LLC,gas_transport,Birmingham,TX,Film/video editor,2020-06-01 23:30:00,10.0,10000,40.0,-73.0,40.1,-73.1,Demo,User,Demo Street,10000
F,fraud_Kilback LLC,gas_transport,Birmingham,TX,Film/video editor,2020-06-01 23:30:00,50.0,10000,40.0,-73.0,40.1,-73.1,Demo,User,Demo Street,10000
F,fraud_Kilback LLC,gas_transport,Birmingham,TX,Film/video editor,2020-06-01 23:30:00,100.0,10000,40.0,-73.0,40.1,-73.1,Demo,User,Demo Street,10000
F,fraud_Kilback LLC,gas_transport,Birmingham,TX,Film/video editor,2020-06-01 23:30:00,500.0,10000,40.0,-73.0,40.1,-73.1,Demo,User,Demo Street,10000
F,fraud_Kilback LLC,gas_transport,Birmingham,TX,Film/video editor,2020-06-01 23:30:00,1000.0,10000,40.0,-73.0,40.1,-73.1,Demo,User,Demo Street,10000
F,fraud_Kilback LLC,gas_transport,Birmingham,TX,Film/video editor,2020-06-01 23:30:00,2000.0,10000,40.0,-73.0,40.1,-73.1,Demo,User,Demo Street,10000
F,fraud_Kilback LLC,gas_transport,Birmingham,TX,Film/video editor,2020-06-01 23:30:00,5000.0,10000,40.0,-73.0,40.1,-73.1,Demo,User,Demo Street,10000
F,fraud_Kilback LLC,gas_transport,Birmingham,TX,Film/video editor,2020-06-01 23:30:00,10000.0,10000,40.0,-73.0,40.1,-73.1,Demo,User,Demo Street,10000
F,fraud_Kilback LLC,gas_transport,Birmingham,TX,Film/video editor,2020-06-01 23:30:00,50000.0,10000,40.0,-73.0,40.1,-73.1,Demo,User,Demo Street,10000
F,fraud_Kilback LLC,gas_transport,Birmingham,TX,Film/video editor,2020-06-01 23:30:00,1.0,10000,40.0,-73.0,40.1,-73.1,Demo,User,Demo Street,10000
F,fraud_Kilback LLC,gas_transport,Birmingham,TX,Film/video editor,2020-06-01 23:30:00,10.0,10000,40.0,-73.0,40.1,-73.1,Demo,User,Demo Street,10000
F,fraud_Kilback LLC,gas_transport,Birmingham,TX,Film/video editor,2020-06-01 23:30:00,50.0,10000,40.0,-73.0,40.1,-73.1,Demo,User,Demo Street,10000
F,fraud_Kilback LLC,gas_transport,Birmingham,TX,Film/video editor,2020-06-01 23:30:00,100.0,10000,40.0,-73.0,40.1,-73.1,Demo,User,Demo Street,10000
F,fraud_Kilback LLC,gas_transport,Birmingham,TX,Film/video editor,2020-06-01 23:30:00,500.0,10000,40.0,-73.0,40.1,-73.1,Demo,User,Demo Street,10000
F,fraud_Kilback LLC,gas_transport,Birmingham,TX,Film/video editor,2020-06-01 23:30:00,1000.0,10000,40.0,-73.0,40.1,-73.1,Demo,User,Demo Street,10000
F,fraud_Kilback LLC,gas_transport,Birmingham,TX,Film/video editor,2020-06-01 23:30:00,2000.0,10000,40.0,-73.0,40.1,-73.1,Demo,User,Demo Street,10000
F,fraud_Kilback LLC,gas_transport,Birmingham,TX,Film/video editor,2020-06-01 23:30:00,5000.0,10000,40.0,-73.0,40.1,-73.1,Demo,User,Demo Street,10000
F,fraud_Kilback LLC,gas_transport,Birmingham,TX,Film/video editor,2020-06-01 23:30:00,10000.0,10000,40.0,-73.0,40.1,-73.1,Demo,User,Demo Street,10000
F,fraud_Kilback LLC,gas_transport,Birmingham,TX,Film/video editor,2020-06-01 23:30:00,50000.0,10000,40.0,-73.0,40.1,-73.1,Demo,User,Demo Street,10000
F,fraud_Kilback LLC,gas_transport,Birmingham,TX,Film/video editor,2020-06-01 23:30:00,1.0,10000,40.0,-73.0,40.1,-73.1,Demo,User,Demo Street,10000
F,fraud_Kilback LLC,gas_transport,Birmingham,TX,Film/video editor,2020-06-01 23:30:00,10.0,10000,40.0,-73.0,40.1,-73.1,Demo,User,Demo Street,10000
F,fraud_Kilback LLC,gas_transport,Birmingham,TX,Film/video editor,2020-06-01 23:30:00,50.0,10000,40.0,-73.0,40.1,-73.1,Demo,User,Demo Street,10000
F,fraud_Kilback LLC,gas_transport,Birmingham,TX,Film/video editor,2020-06-01 23:30:00,100.0,10000,40.0,-73.0,40.1,-73.1,Demo,User,Demo Street,10000
F,fraud_Kilback LLC,gas_transport,Birmingham,TX,Film/video editor,2020-06-01 23:30:00,500.0,10000,40.0,-73.0,40.1,-73.1,Demo,User,Demo Street,10000
F,fraud_Kilback LLC,gas_transport,Birmingham,TX,Film/video editor,2020-06-01 23:30:00,1000.0,10000,40.0,-73.0,40.1,-73.1,Demo,User,Demo Street,10000
F,fraud_Kilback LLC,gas_transport,Birmingham,TX,Film/video editor,2020-06-01 23:30:00,2000.0,10000,40.0,-73.0,40.1,-73.1,Demo,User,Demo Street,10000
F,fraud_Kilback LLC,gas_transport,Birmingham,TX,Film/video editor,2020-06-01 23:30:00,5000.0,10000,40.0,-73.0,40.1,-73.1,Demo,User,Demo Street,10000
F,fraud_Kilback LLC,gas_transport,Birmingham,TX,Film/video editor,2020-06-01 23:30:00,10000.0,10000,40.0,-73.0,40.1,-73.1,Demo,User,Demo Street,10000
F,fraud_Kilback LLC,gas_transport,Birmingham,TX,Film/video editor,2020-06-01 23:30:00,50000.0,10000,40.0,-73.0,40.1,-73.1,Demo,User,Demo Street,10000
F,fraud_Kilback LLC,gas_transport,Birmingham,TX,Film/video editor,2020-06-01 23:30:00,1.0,10000,40.0,-73.0,40.1,-73.1,Demo,User,Demo Street,10000
F,fraud_Kilback LLC,gas_transport,Birmingham,TX,Film/video editor,2020-06-01 23:30:00,10.0,10000,40.0,-73.0,40.1,-73.1,Demo,User,Demo Street,10000
F,fraud_Kilback LLC,gas_transport,Birmingham,TX,Film/video editor,2020-06-01 23:30:00,50.0,10000,40.0,-73.0,40.1,-73.1,Demo,User,Demo Street,10000
F,fraud_Kilback LLC,gas_transport,Birmingham,TX,Film/video editor,2020-06-01 23:30:00,100.0,10000,40.0,-73.0,40.1,-73.1,Demo,User,Demo Street,10000
F,fraud_Kilback LLC,gas_transport,Birmingham,TX,Film/video editor,2020-06-01 23:30:00,500.0,10000,40.0,-73.0,40.1,-73.1,Demo,User,Demo Street,10000
F,fraud_Kilback LLC,gas_transport,Birmingham,TX,Film/video editor,2020-06-01 23:30:00,1000.0,10000,40.0,-73.0,40.1,-73.1,Demo,User,Demo Street,10000
F,fraud_Kilback LLC,gas_transport,Birmingham,TX,Film/video editor,2020-06-01 23:30:00,2000.0,10000,40.0,-73.0,40.1,-73.1,Demo,User,Demo Street,10000
F,fraud_Kilback LLC,gas_transport,Birmingham,TX,Film/video editor,2020-06-01 23:30:00,5000.0,10000,40.0,-73.0,40.1,-73.1,Demo,User,Demo Street,10000
F,fraud_Kilback LLC,gas_transport,Birmingham,TX,Film/video editor,2020-06-01 23:30:00,10000.0,10000,40.0,-73.0,40.1,-73.1,Demo,User,Demo Street,10000
F,fraud_Kilback LLC,gas_transport,Birmingham,TX,Film/video editor,2020-06-01 23:30:00,50000.0,10000,40.0,-73.0,40.1,-73.1,Demo,User,Demo Street,10000
F,fraud_Kilback LLC,gas_transport,Birmingham,TX,Film/video editor,2020-06-01 23:30:00,1.0,10000,40.0,-73.0,40.1,-73.1,Demo,User,Demo Street,10000
F,fraud_Kilback LLC,gas_transport,Birmingham,TX,Film/video editor,2020-06-01 23:30:00,10.0,10000,40.0,-73.0,40.1,-73.1,Demo,User,Demo Street,10000
F,fraud_Kilback LLC,gas_transport,Birmingham,TX,Film/video editor,2020-06-01 23:30:00,50.0,10000,40.0,-73.0,40.1,-73.1,Demo,User,Demo Street,10000
F,fraud_Kilback LLC,gas_transport,Birmingham,TX,Film/video editor,2020-06-01 23:30:00,100.0,10000,40.0,-73.0,40.1,-73.1,Demo,User,Demo Street,10000
F,fraud_Kilback LLC,gas_transport,Birmingham,TX,Film/video editor,2020-06-01 23:30:00,500.0,10000,40.0,-73.0,40.1,-73.1,Demo,User,Demo Street,10000
F,fraud_Kilback LLC,gas_transport,Birmingham,TX,Film/video editor,2020-06-01 23:30:00,1000.0,10000,40.0,-73.0,40.1,-73.1,Demo,User,Demo Street,10000
F,fraud_Kilback LLC,gas_transport,Birmingham,TX,Film/video editor,2020-06-01 23:30:00,2000.0,10000,40.0,-73.0,40.1,-73.1,Demo,User,Demo Street,10000
F,fraud_Kilback LLC,gas_transport,Birmingham,TX,Film/video editor,2020-06-01 23:30:00,5000.0,10000,40.0,-73.0,40.1,-73.1,Demo,User,Demo Street,10000
F,fraud_Kilback LLC,gas_transport,Birmingham,TX,Film/video editor,2020-06-01 23:30:00,10000.0,10000,40.0,-73.0,40.1,-73.1,Demo,User,Demo Street,10000
F,fraud_Kilback LLC,gas_transport,Birmingham,TX,Film/video editor,2020-06-01 23:30:00,50000.0,10000,40.0,-73.0,40.1,-73.1,Demo,User,Demo Street,10000
F,fraud_Kilback LLC,gas_transport,Birmingham,TX,Film/video editor,2020-06-01 23:30:00,1.0,10000,40.0,-73.0,40.1,-73.1,Demo,User,Demo Street,10000
F,fraud_Kilback LLC,gas_transport,Birmingham,TX,Film/video editor,2020-06-01 23:30:00,10.0,10000,40.0,-73.0,40.1,-73.1,Demo,User,Demo Street,10000
F,fraud_Kilback LLC,gas_transport,Birmingham,TX,Film/video editor,2020-06-01 23:30:00,50.0,10000,40.0,-73.0,40.1,-73.1,Demo,User,Demo Street,10000
F,fraud_Kilback LLC,gas_transport,Birmingham,TX,Film/video editor,2020-06-01 23:30:00,100.0,10000,40.0,-73.0,40.1,-73.1,Demo,User,Demo Street,10000
F,fraud_Kilback LLC,gas_transport,Birmingham,TX,Film/video editor,2020-06-01 23:30:00,500.0,10000,40.0,-73.0,40.1,-73.1,Demo,User,Demo Street,10000
F,fraud_Kilback LLC,gas_transport,Birmingham,TX,Film/video editor,2020-06-01 23:30:00,1000.0,10000,40.0,-73.0,40.1,-73.1,Demo,User,Demo Street,10000
F,fraud_Kilback LLC,gas_transport,Birmingham,TX,Film/video editor,2020-06-01 23:30:00,2000.0,10000,40.0,-73.0,40.1,-73.1,Demo,User,Demo Street,10000
F,fraud_Kilback LLC,gas_transport,Birmingham,TX,Film/video editor,2020-06-01 23:30:00,5000.0,10000,40.0,-73.0,40.1,-73.1,Demo,User,Demo Street,10000
F,fraud_Kilback LLC,gas_transport,Birmingham,TX,Film/video editor,2020-06-01 23:30:00,10000.0,10000,40.0,-73.0,40.1,-73.1,Demo,User,Demo Street,10000
F,fraud_Kilback LLC,gas_transport,Birmingham,TX,Film/video editor,2020-06-01 23:30:00,50000.0,10000,40.0,-73.0,40.1,-73.1,Demo,User,Demo Street,10000
F,fraud_Kilback LLC,gas_transport,Birmingham,TX,Film/video editor,2020-06-01 23:30:00,1.0,10000,40.0,-73.0,40.1,-73.1,Demo,User,Demo Street,10000
F,fraud_Kilback LLC,gas_transport,Birmingham,TX,Film/video editor,2020-06-01 23:30:00,10.0,10000,40.0,-73.0,40.1,-73.1,Demo,User,Demo Street,10000
F,fraud_Kilback LLC,gas_transport,Birmingham,TX,Film/video editor,2020-06-01 23:30:00,50.0,10000,40.0,-73.0,40.1,-73.1,Demo,User,Demo Street,10000
F,fraud_Kilback LLC,gas_transport,Birmingham,TX,Film/video editor,2020-06-01 23:30:00,100.0,10000,40.0,-73.0,40.1,-73.1,Demo,User,Demo Street,10000
F,fraud_Kilback LLC,gas_transport,Birmingham,TX,Film/video editor,2020-06-01 23:30:00,500.0,10000,40.0,-73.0,40.1,-73.1,Demo,User,Demo Street,10000
F,fraud_Kilback LLC,gas_transport,Birmingham,TX,Film/video editor,2020-06-01 23:30:00,1000.0,10000,40.0,-73.0,40.1,-73.1,Demo,User,Demo Street,10000
F,fraud_Kilback LLC,gas_transport,Birmingham,TX,Film/video editor,2020-06-01 23:30:00,2000.0,10000,40.0,-73.0,40.1,-73.1,Demo,User,Demo Street,10000
F,fraud_Kilback LLC,gas_transport,Birmingham,TX,Film/video editor,2020-06-01 23:30:00,5000.0,10000,40.0,-73.0,40.1,-73.1,Demo,User,Demo Street,10000
F,fraud_Kilback LLC,gas_transport,Birmingham,TX,Film/video editor,2020-06-01 23:30:00,10000.0,10000,40.0,-73.0,40.1,-73.1,Demo,User,Demo Street,10000
F,fraud_Kilback LLC,gas_transport,Birmingham,TX,Film/video editor,2020-06-01 23:30:00,50000.0,10000,40.0,-73.0,40.1,-73.1,Demo,User,Demo Street,10000
F,fraud_Kilback LLC,gas_transport,Birmingham,TX,Film/video editor,2020-06-01 23:30:00,1.0,10000,40.0,-73.0,40.1,-73.1,Demo,User,Demo Street,10000
F,fraud_Kilback LLC,gas_transport,Birmingham,TX,Film/video editor,2020-06-01 23:30:00,10.0,10000,40.0,-73.0,40.1,-73.1,Demo,User,Demo Street,10000
F,fraud_Kilback LLC,gas_transport,Birmingham,TX,Film/video editor,2020-06-01 23:30:00,50.0,10000,40.0,-73.0,40.1,-73.1,Demo,User,Demo Street,10000
F,fraud_Kilback LLC,gas_transport,Birmingham,TX,Film/video editor,2020-06-01 23:30:00,100.0,10000,40.0,-73.0,40.1,-73.1,Demo,User,Demo Street,10000
F,fraud_Kilback LLC,gas_transport,Birmingham,TX,Film/video editor,2020-06-01 23:30:00,500.0,10000,40.0,-73.0,40.1,-73.1,Demo,User,Demo Street,10000
F,fraud_Kilback LLC,gas_transport,Birmingham,TX,Film/video editor,2020-06-01 23:30:00,1000.0,10000,40.0,-73.0,40.1,-73.1,Demo,User,Demo Street,10000
F,fraud_Kilback LLC,gas_transport,Birmingham,TX,Film/video editor,2020-06-01 23:30:00,2000.0,10000,40.0,-73.0,40.1,-73.1,Demo,User,Demo Street,10000
F,fraud_Kilback LLC,gas_transport,Birmingham,TX,Film/video editor,2020-06-01 23:30:00,5000.0,10000,40.0,-73.0,40.1,-73.1,Demo,User,Demo Street,10000
F,fraud_Kilback LLC,gas_transport,Birmingham,TX,Film/video editor,2020-06-01 23:30:00,10000.0,10000,40.0,-73.0,40.1,-73.1,Demo,User,Demo Street,10000
F,fraud_Kilback LLC,gas_transport,Birmingham,TX,Film/video editor,2020-06-01 23:30:00,50000.0,10000,40.0,-73.0,40.1,-73.1,Demo,User,Demo Street,10000
F,fraud_Kilback LLC,gas_transport,Birmingham,TX,Film/video editor,2020-06-01 23:30:00,1.0,10000,40.0,-73.0,40.1,-73.1,Demo,User,Demo Street,10000
F,fraud_Kilback LLC,gas_transport,Birmingham,TX,Film/video editor,2020-06-01 23:30:00,10.0,10000,40.0,-73.0,40.1,-73.1,Demo,User,Demo Street,10000
F,fraud_Kilback LLC,gas_transport,Birmingham,TX,Film/video editor,2020-06-01 23:30:00,50.0,10000,40.0,-73.0,40.1,-73.1,Demo,User,Demo Street,10000
F,fraud_Kilback LLC,gas_transport,Birmingham,TX,Film/video editor,2020-06-01 23:30:00,100.0,10000,40.0,-73.0,40.1,-73.1,Demo,User,Demo Street,10000
F,fraud_Kilback LLC,gas_transport,Birmingham,TX,Film/video editor,2020-06-01 23:30:00,500.0,10000,40.0,-73.0,40.1,-73.1,Demo,User,Demo Street,10000
F,fraud_Kilback LLC,gas_transport,Birmingham,TX,Film/video editor,2020-06-01 23:30:00,1000.0,10000,40.0,-73.0,40.1,-73.1,Demo,User,Demo Street,10000
F,fraud_Kilback LLC,gas_transport,Birmingham,TX,Film/video editor,2020-06-01 23:30:00,2000.0,10000,40.0,-73.0,40.1,-73.1,Demo,User,Demo Street,10000
F,fraud_Kilback LLC,gas_transport,Birmingham,TX,Film/video editor,2020-06-01 23:30:00,5000.0,10000,40.0,-73.0,40.1,-73.1,Demo,User,Demo Street,10000
F,fraud_Kilback LLC,gas_transport,Birmingham,TX,Film/video editor,2020-06-01 23:30:00,10000.0,10000,40.0,-73.0,40.1,-73.1,Demo,User,Demo Street,10000
F,fraud_Kilback LLC,gas_transport,Birmingham,TX,Film/video editor,2020-06-01 23:30:00,50000.0,10000,40.0,-73.0,40.1,-73.1,Demo,User,Demo Street,10000
F,fraud_Kilback LLC,gas_transport,Birmingham,TX,Film/video editor,2020-06-01 23:30:00,1.0,10000,40.0,-73.0,40.1,-73.1,Demo,User,Demo Street,10000
F,fraud_Kilback LLC,gas_transport,Birmingham,TX,Film/video editor,2020-06-01 23:30:00,10.0,10000,40.0,-73.0,40.1,-73.1,Demo,User,Demo Street,10000
F,fraud_Kilback LLC,gas_transport,Birmingham,TX,Film/video editor,2020-06-01 23:30:00,50.0,10000,40.0,-73.0,40.1,-73.1,Demo,User,Demo Street,10000
F,fraud_Kilback LLC,gas_transport,Birmingham,TX,Film/video editor,2020-06-01 23:30:00,100.0,10000,40.0,-73.0,40.1,-73.1,Demo,User,Demo Street,10000
F,fraud_Kilback LLC,gas_transport,Birmingham,TX,Film/video editor,2020-06-01 23:30:00,500.0,10000,40.0,-73.0,40.1,-73.1,Demo,User,Demo Street,10000
F,fraud_Kilback LLC,gas_transport,Birmingham,TX,Film/video editor,2020-06-01 23:30:00,1000.0,10000,40.0,-73.0,40.1,-73.1,Demo,User,Demo Street,10000
F,fraud_Kilback LLC,gas_transport,Birmingham,TX,Film/video editor,2020-06-01 23:30:00,2000.0,10000,40.0,-73.0,40.1,-73.1,Demo,User,Demo Street,10000
F,fraud_Kilback LLC,gas_transport,Birmingham,TX,Film/video editor,2020-06-01 23:30:00,5000.0,10000,40.0,-73.0,40.1,-73.1,Demo,User,Demo Street,10000
F,fraud_Kilback LLC,gas_transport,Birmingham,TX,Film/video editor,2020-06-01 23:30:00,10000.0,10000,40.0,-73.0,40.1,-73.1,Demo,User,Demo Street,10000
F,fraud_Kilback LLC,gas_transport,Birmingham,TX,Film/video editor,2020-06-01 23:30:00,50000.0,10000,40.0,-73.0,40.1,-73.1,Demo,User,Demo Street,10000
F,fraud_Kilback LLC,gas_transport,Birmingham,TX,Film/video editor,2020-06-01 23:30:00,1.0,10000,40.0,-73.0,40.1,-73.1,Demo,User,Demo Street,10000
F,fraud_Kilback LLC,gas_transport,Birmingham,TX,Film/video editor,2020-06-01 23:30:00,10.0,10000,40.0,-73.0,40.1,-73.1,Demo,User,Demo Street,10000
F,fraud_Kilback LLC,gas_transport,Birmingham,TX,Film/video editor,2020-06-01 23:30:00,50.0,10000,40.0,-73.0,40.1,-73.1,Demo,User,Demo Street,10000
F,fraud_Kilback LLC,gas_transport,Birmingham,TX,Film/video editor,2020-06-01 23:30:00,100.0,10000,40.0,-73.0,40.1,-73.1,Demo,User,Demo Street,10000
F,fraud_Kilback LLC,gas_transport,Birmingham,TX,Film/video editor,2020-06-01 23:30:00,500.0,10000,40.0,-73.0,40.1,-73.1,Demo,User,Demo Street,10000
F,fraud_Kilback LLC,gas_transport,Birmingham,TX,Film/video editor,2020-06-01 23:30:00,1000.0,10000,40.0,-73.0,40.1,-73.1,Demo,User,Demo Street,10000
F,fraud_Kilback LLC,gas_transport,Birmingham,TX,Film/video editor,2020-06-01 23:30:00,2000.0,10000,40.0,-73.0,40.1,-73.1,Demo,User,Demo Street,10000
F,fraud_Kilback LLC,gas_transport,Birmingham,TX,Film/video editor,2020-06-01 23:30:00,5000.0,10000,40.0,-73.0,40.1,-73.1,Demo,User,Demo Street,10000
F,fraud_Kilback LLC,gas_transport,Birmingham,TX,Film/video editor,2020-06-01 23:30:00,10000.0,10000,40.0,-73.0,40.1,-73.1,Demo,User,Demo Street,10000
F,fraud_Kilback LLC,gas_transport,Birmingham,TX,Film/video editor,2020-06-01 23:30:00,50000.0,10000,40.0,-73.0,40.1,-73.1,Demo,User,Demo Street,10000
F,fraud_Kilback LLC,gas_transport,Birmingham,TX,Film/video editor,2020-06-01 23:30:00,1.0,10000,40.0,-73.0,40.1,-73.1,Demo,User,Demo Street,10000
F,fraud_Kilback LLC,gas_transport,Birmingham,TX,Film/video editor,2020-06-01 23:30:00,10.0,10000,40.0,-73.0,40.1,-73.1,Demo,User,Demo Street,10000
F,fraud_Kilback LLC,gas_transport,Birmingham,TX,Film/video editor,2020-06-01 23:30:00,50.0,10000,40.0,-73.0,40.1,-73.1,Demo,User,Demo Street,10000
F,fraud_Kilback LLC,gas_transport,Birmingham,TX,Film/video editor,2020-06-01 23:30:00,100.0,10000,40.0,-73.0,40.1,-73.1,Demo,User,Demo Street,10000
F,fraud_Kilback LLC,gas_transport,Birmingham,TX,Film/video editor,2020-06-01 23:30:00,500.0,10000,40.0,-73.0,40.1,-73.1,Demo,User,Demo Street,10000
F,fraud_Kilback LLC,gas_transport,Birmingham,TX,Film/video editor,2020-06-01 23:30:00,1000.0,10000,40.0,-73.0,40.1,-73.1,Demo,User,Demo Street,10000
F,fraud_Kilback LLC,gas_transport,Birmingham,TX,Film/video editor,2020-06-01 23:30:00,2000.0,10000,40.0,-73.0,40.1,-73.1,Demo,User,Demo Street,10000
F,fraud_Kilback LLC,gas_transport,Birmingham,TX,Film/video editor,2020-06-01 23:30:00,5000.0,10000,40.0,-73.0,40.1,-73.1,Demo,User,Demo Street,10000
F,fraud_Kilback LLC,gas_transport,Birmingham,TX,Film/video editor,2020-06-01 23:30:00,10000.0,10000,40.0,-73.0,40.1,-73.1,Demo,User,Demo Street,10000
F,fraud_Kilback LLC,gas_transport,Birmingham,TX,Film/video editor,2020-06-01 23:30:00,50000.0,10000,40.0,-73.0,40.1,-73.1,Demo,User,Demo Street,10000
